{
  "type": "minecraft:crafting_shapeless",
  "category": "misc",
  "ingredients": [
    [
      {
        "item": "minecraft:ominous_bottle"
      },
      {
        "item": "minecraft:potion"
      }
    ],
    {
      "item": "minecraft:blaze_powder"
    },
    {
      "item": "minecraft:echo_shard"
    }
  ],
  "result": {
    "id": "minecraft:potion",
    "count": 1,
    "components": {
      "minecraft:potion_contents": {
        "custom_color": 4859741,
        "custom_effects": [
          {
            "id": "minecraft:darkness",
            "amplifier": 1,
            "duration": 240
          }
        ]
      },
      "minecraft:item_name": "Bottle of Void"
    }
  }
}
